Order ID,Amount,Profit,Quantity,Category,Sub-Category,PaymentMode,State,city,Gender,Date
B-25681,1096,658,7,Electronics,Electronic Games,COD,Uttar Pradesh,Mathura,F,01-01-2023
B-26055,5729,64,14,Furniture,Chairs,EMI,Delhi,Delhi,M,03-01-2023
B-25955,2927,146,8,Furniture,Bookcases,EMI,Uttar Pradesh,Mathura,M,03-01-2023
B-26093,2847,712,8,Electronics,Printers,Credit Card,Maharashtra,Mumbai,F,03-01-2023
B-25602,2617,1151,4,Electronics,Phones,Credit Card,Madhya Pradesh,Indore,M,04-01-2023
B-25881,2244,247,4,Clothing,Trousers,Credit Card,Uttar Pradesh,Prayagraj,M,04-01-2023
B-25696,275,-275,4,Clothing,Saree,COD,Maharashtra,Pune,F,04-01-2023
B-25687,387,-213,5,Clothing,Saree,UPI,Maharashtra,Pune,F,05-01-2023
B-25643,50,-44,2,Clothing,Hankerchief,UPI,Andhra Pradesh,Hyderabad,F,05-01-2023
B-25851,135,-54,5,Clothing,Kurti,COD,Maharashtra,Pune,M,05-01-2023
B-25703,231,-190,9,Clothing,Hankerchief,COD,Maharashtra,Mumbai,M,06-01-2023
B-25887,2125,-234,6,Electronics,Printers,EMI,Gujarat,Surat,M,07-01-2023
B-25923,3873,-891,6,Electronics,Phones,Credit Card,Maharashtra,Mumbai,F,07-01-2023
B-25756,729,-492,5,Furniture,Bookcases,UPI,Maharashtra,Pune,M,07-01-2023
B-25761,2188,1050,5,Furniture,Bookcases,Credit Card,Uttar Pradesh,Mathura,F,09-01-2023
B-25655,6,-3,1,Clothing,Hankerchief,UPI,Uttar Pradesh,Mathura,F,09-01-2023
B-25786,1854,433,5,Furniture,Bookcases,Credit Card,Uttar Pradesh,Prayagraj,F,09-01-2023
B-26095,6,1,1,Clothing,Kurti,UPI,Maharashtra,Mumbai,F,09-01-2023
B-25853,2093,721,5,Furniture,Chairs,Credit Card,Gujarat,Ahmedabad,M,10-01-2023
B-25735,7,-1,2,Clothing,Skirt,UPI,Bihar,Patna,M,10-01-2023
B-25910,1622,-624,5,Furniture,Tables,Credit Card,Himachal Pradesh,Simla,M,11-01-2023
B-25950,1622,95,5,Electronics,Printers,Credit Card,Uttar Pradesh,Mathura,F,11-01-2023
B-25744,373,254,6,Electronics,Printers,UPI,Himachal Pradesh,Simla,F,11-01-2023
B-25845,82,-33,4,Clothing,Kurti,COD,Punjab,Chandigarh,M,12-01-2023
B-26001,8,2,2,Clothing,Skirt,UPI,Madhya Pradesh,Bhopal,F,12-01-2023
B-25830,1954,782,3,Electronics,Phones,Credit Card,Kerala ,Thiruvananthapuram,M,12-01-2023
B-25842,1543,370,8,Electronics,Printers,Credit Card,Maharashtra,Mumbai,F,13-01-2023
B-25778,1506,-266,6,Electronics,Printers,Credit Card,Nagaland,Kohima,M,13-01-2023
B-25686,1829,-56,6,Furniture,Tables,Credit Card,Madhya Pradesh,Indore,F,14-01-2023
B-25754,9,-1,3,Clothing,Skirt,UPI,Madhya Pradesh,Bhopal,M,15-01-2023
B-26048,1461,202,5,Furniture,Tables,EMI,Madhya Pradesh,Indore,F,15-01-2023
B-25816,391,113,8,Clothing,Stole,COD,Maharashtra,Pune,F,17-01-2023
B-26022,1824,1303,8,Electronics,Phones,Credit Card,Delhi,Delhi,M,17-01-2023
B-25883,16,-15,4,Clothing,Hankerchief,UPI,Madhya Pradesh,Indore,M,17-01-2023
B-26003,1745,122,2,Furniture,Tables,Credit Card,Haryana,Chandigarh,M,18-01-2023
B-26097,663,-212,5,Electronics,Printers,UPI,Rajasthan,Udaipur,F,18-01-2023
B-25710,10,-1,1,Clothing,Leggings,UPI,Karnataka,Bangalore,M,19-01-2023
B-25797,1630,802,5,Furniture,Tables,EMI,Kerala ,Thiruvananthapuram,F,19-01-2023
B-25618,12,0,2,Clothing,Hankerchief,UPI,Madhya Pradesh,Bhopal,F,19-01-2023
B-25723,12,-7,2,Clothing,Leggings,UPI,Gujarat,Ahmedabad,F,19-01-2023
B-25755,1709,564,3,Clothing,Trousers,Credit Card,Maharashtra,Pune,M,20-01-2023
B-25788,12,3,1,Clothing,Stole,UPI,Madhya Pradesh,Indore,M,20-01-2023
B-25681,1625,-77,3,Electronics,Phones,EMI,Maharashtra,Mumbai,M,22-01-2023
B-25991,13,5,2,Clothing,Hankerchief,UPI,Uttar Pradesh,Lucknow,F,22-01-2023
B-25779,1361,980,3,Furniture,Tables,COD,Punjab,Chandigarh,M,23-01-2023
B-25909,1622,-448,3,Electronics,Phones,EMI,Maharashtra,Pune,M,23-01-2023
B-25943,1547,340,6,Electronics,Accessories,EMI,Madhya Pradesh,Indore,F,23-01-2023
B-25935,1657,460,4,Furniture,Chairs,Credit Card,Maharashtra,Pune,M,23-01-2023
B-25613,1603,0,9,Clothing,Saree,Credit Card,Tamil Nadu,Chennai,F,23-01-2023
B-25729,1549,-439,4,Electronics,Phones,Credit Card,Madhya Pradesh,Indore,M,25-01-2023
B-25772,1183,106,4,Electronics,Printers,EMI,Maharashtra,Pune,F,26-01-2023
B-25655,74,-123,8,Clothing,Skirt,UPI,Madhya Pradesh,Bhopal,M,26-01-2023
B-25640,1499,239,13,Clothing,Saree,Credit Card,West Bengal,Kolkata,M,27-01-2023
B-25810,1120,199,6,Clothing,Saree,EMI,Nagaland,Kohima,M,28-01-2023
B-25801,15,-2,1,Clothing,T-shirt,Debit Card,Madhya Pradesh,Bhopal,M,28-01-2023
B-26085,1487,624,3,Clothing,Trousers,Credit Card,Madhya Pradesh,Indore,F,02-02-2023
B-25868,1118,206,2,Furniture,Tables,Credit Card,Delhi,Delhi,M,02-02-2023
B-25714,11,-5,2,Clothing,Hankerchief,COD,Kerala ,Thiruvananthapuram,F,02-02-2023
B-25784,15,4,1,Clothing,Hankerchief,Debit Card,Karnataka,Bangalore,F,03-02-2023
B-25608,1364,1864,5,Furniture,Tables,Credit Card,Jammu and Kashmir,Kashmir,F,03-02-2023
B-26051,1337,147,7,Electronics,Printers,Credit Card,Maharashtra,Pune,F,04-02-2023
B-25900,15,2,1,Clothing,Leggings,Debit Card,Gujarat,Ahmedabad,F,04-02-2023
B-25760,322,-193,5,Electronics,Printers,UPI,Madhya Pradesh,Indore,M,04-02-2023
B-25762,1316,527,7,Electronics,Electronic Games,Credit Card,Andhra Pradesh,Hyderabad,F,05-02-2023
B-25995,1314,342,3,Furniture,Bookcases,Credit Card,Maharashtra,Pune,F,06-02-2023
B-25965,17,7,3,Clothing,Hankerchief,Debit Card,Rajasthan,Jaipur,M,06-02-2023
B-25967,17,2,2,Clothing,Skirt,Debit Card,West Bengal,Kolkata,M,06-02-2023
B-25674,17,-12,5,Clothing,Skirt,Debit Card,Punjab,Amritsar,M,06-02-2023
B-25929,1308,536,3,Furniture,Bookcases,Credit Card,Maharashtra,Mumbai,M,07-02-2023
B-25777,1076,-38,4,Electronics,Printers,Credit Card,Andhra Pradesh,Hyderabad,M,07-02-2023
B-26006,1301,573,5,Electronics,Accessories,Credit Card,Bihar,Patna,M,07-02-2023
B-25697,1300,-16,8,Electronics,Printers,Credit Card,Madhya Pradesh,Indore,F,08-02-2023
B-25667,11,-2,4,Clothing,Hankerchief,COD,Rajasthan,Jaipur,M,09-02-2023
B-25836,1298,65,9,Electronics,Printers,EMI,Gujarat,Surat,F,09-02-2023
B-25984,304,97,6,Clothing,Stole,UPI,Madhya Pradesh,Bhopal,F,09-02-2023
B-25728,1055,264,4,Electronics,Printers,EMI,Punjab,Chandigarh,F,09-02-2023
B-25757,17,-13,4,Clothing,Skirt,Debit Card,Goa,Goa,F,10-02-2023
B-25957,147,73,3,Clothing,Stole,COD,Haryana,Chandigarh,F,10-02-2023
B-26061,965,-68,3,Electronics,Printers,COD,Maharashtra,Mumbai,M,10-02-2023
B-25735,12,-2,3,Clothing,Hankerchief,COD,Haryana,Chandigarh,M,11-02-2023
B-25616,14,-2,3,Clothing,Hankerchief,UPI,Bihar,Patna,M,11-02-2023
B-25666,934,-916,7,Electronics,Electronic Games,COD,Madhya Pradesh,Indore,F,11-02-2023
B-25675,929,-93,9,Clothing,Saree,COD,Punjab,Chandigarh,M,11-02-2023
B-26079,18,3,2,Clothing,Hankerchief,Debit Card,Maharashtra,Mumbai,M,11-02-2023
B-25850,916,192,11,Electronics,Phones,COD,Jammu and Kashmir,Kashmir,F,12-02-2023
B-25693,76,-72,9,Clothing,Hankerchief,COD,Maharashtra,Pune,M,12-02-2023
B-25852,869,67,4,Furniture,Tables,COD,Maharashtra,Mumbai,F,13-02-2023
B-25860,112,24,3,Clothing,Kurti,COD,Haryana,Chandigarh,F,13-02-2023
B-25853,39,16,6,Clothing,Skirt,UPI,Madhya Pradesh,Bhopal,M,14-02-2023
B-25898,857,-274,2,Furniture,Tables,COD,Uttar Pradesh,Lucknow,F,14-02-2023
B-26100,828,230,2,Furniture,Chairs,COD,Madhya Pradesh,Indore,M,15-02-2023
B-25653,1279,-640,8,Electronics,Printers,EMI,Madhya Pradesh,Indore,F,15-02-2023
B-25839,1250,486,7,Clothing,Saree,EMI,Maharashtra,Mumbai,F,15-02-2023
B-25651,823,-18,7,Furniture,Chairs,COD,Madhya Pradesh,Indore,M,16-02-2023
B-25957,1157,-13,9,Furniture,Bookcases,Credit Card,Punjab,Chandigarh,M,17-02-2023
B-25704,126,-63,3,Electronics,Accessories,UPI,Madhya Pradesh,Bhopal,F,17-02-2023
B-25730,1145,-706,3,Electronics,Phones,Credit Card,Maharashtra,Mumbai,M,17-02-2023
B-26052,774,170,3,Electronics,Accessories,COD,Rajasthan,Udaipur,M,17-02-2023
B-25656,24,-1,2,Clothing,Hankerchief,COD,Goa,Goa,M,18-02-2023
B-26033,774,170,3,Electronics,Accessories,COD,Rajasthan,Udaipur,F,18-02-2023
B-25850,93,-1,2,Clothing,Hankerchief,COD,Maharashtra,Mumbai,M,18-02-2023
B-25945,765,-36,3,Electronics,Electronic Games,COD,Madhya Pradesh,Indore,M,18-02-2023
B-26086,762,101,6,Electronics,Printers,COD,Gujarat,Ahmedabad,F,18-02-2023
B-25752,761,266,9,Electronics,Electronic Games,COD,Karnataka,Bangalore,F,20-02-2023
B-26098,96,-48,5,Clothing,Leggings,UPI,Maharashtra,Pune,M,20-02-2023
B-26067,1137,-14,7,Electronics,Printers,EMI,Madhya Pradesh,Bhopal,F,20-02-2023
B-25730,18,8,2,Clothing,Hankerchief,Debit Card,Delhi,Delhi,M,20-02-2023
B-25986,749,-307,7,Furniture,Furnishings,COD,Andhra Pradesh,Hyderabad,M,20-02-2023
B-26067,1120,199,6,Clothing,Saree,EMI,Delhi,Delhi,M,22-02-2023
B-25953,744,119,6,Electronics,Printers,COD,Uttar Pradesh,Prayagraj,F,23-02-2023
B-25952,14,0,4,Clothing,Hankerchief,UPI,Andhra Pradesh,Hyderabad,M,23-02-2023
B-25903,19,8,2,Clothing,Hankerchief,Debit Card,Punjab,Chandigarh,M,24-02-2023
B-25650,512,-225,5,Clothing,Saree,COD,Nagaland,Kohima,M,24-02-2023
B-25970,742,198,2,Furniture,Bookcases,COD,Madhya Pradesh,Indore,F,25-02-2023
B-26062,44,-40,3,Clothing,Stole,COD,Madhya Pradesh,Indore,M,25-02-2023
B-25643,1061,-36,8,Furniture,Bookcases,EMI,Punjab,Amritsar,M,25-02-2023
B-25632,19,-2,2,Clothing,Leggings,Debit Card,Uttar Pradesh,Lucknow,M,25-02-2023
B-25821,17,0,1,Clothing,Hankerchief,COD,Bihar,Patna,F,25-02-2023
B-25878,741,267,5,Furniture,Bookcases,COD,West Bengal,Kolkata,F,26-02-2023
B-25752,735,-235,6,Electronics,Printers,COD,Karnataka,Bangalore,F,26-02-2023
B-25750,19,-1,1,Clothing,Shirt,Debit Card,Delhi,Delhi,M,26-02-2023
B-25657,1021,-48,4,Electronics,Electronic Games,EMI,Gujarat,Ahmedabad,F,27-02-2023
B-25787,556,-209,7,Clothing,Saree,COD,Maharashtra,Pune,F,27-02-2023
B-25808,63,-17,6,Clothing,Leggings,COD,Madhya Pradesh,Indore,F,01-03-2023
B-25885,734,248,2,Furniture,Chairs,COD,Madhya Pradesh,Indore,M,01-03-2023
B-25778,933,166,5,Clothing,Saree,Credit Card,Haryana,Chandigarh,M,01-03-2023
B-25759,20,-9,6,Clothing,Hankerchief,Debit Card,Kerala ,Thiruvananthapuram,M,01-03-2023
B-25747,877,395,2,Furniture,Bookcases,Credit Card,Maharashtra,Mumbai,F,01-03-2023
B-25878,719,303,6,Furniture,Chairs,COD,West Bengal,Kolkata,M,02-03-2023
B-25603,12,1,2,Clothing,Hankerchief,COD,Maharashtra,Mumbai,F,03-03-2023
B-25691,714,56,4,Clothing,Saree,COD,Maharashtra,Mumbai,F,03-03-2023
B-25607,50,-15,4,Clothing,Leggings,COD,Kerala ,Thiruvananthapuram,F,04-03-2023
B-25708,709,-100,5,Electronics,Phones,COD,Madhya Pradesh,Indore,M,04-03-2023
B-26021,21,-12,3,Clothing,Hankerchief,Debit Card,Madhya Pradesh,Indore,M,04-03-2023
B-25831,693,254,6,Clothing,Saree,COD,Maharashtra,Mumbai,M,04-03-2023
B-25850,24,1,4,Clothing,Hankerchief,COD,Madhya Pradesh,Indore,F,04-03-2023
B-25670,24,1,2,Clothing,Hankerchief,UPI,Maharashtra,Mumbai,F,05-03-2023
B-25852,24,1,2,Clothing,Hankerchief,COD,Sikkim,Gangtok,M,05-03-2023
B-26029,21,10,1,Clothing,T-shirt,Debit Card,Madhya Pradesh,Indore,F,05-03-2023
B-25959,681,259,4,Furniture,Chairs,COD,Sikkim,Gangtok,F,06-03-2023
B-25676,674,-187,2,Furniture,Tables,COD,Maharashtra,Mumbai,F,07-03-2023
B-26097,671,-309,5,Electronics,Electronic Games,COD,Uttar Pradesh,Mathura,M,07-03-2023
B-25888,646,-213,3,Electronics,Electronic Games,COD,Madhya Pradesh,Indore,F,07-03-2023
B-25911,40,15,1,Clothing,Kurti,COD,Delhi,Delhi,F,07-03-2023
B-25662,24,-2,2,Clothing,T-shirt,COD,Karnataka,Bangalore,M,07-03-2023
B-25950,644,167,2,Electronics,Printers,COD,Gujarat,Ahmedabad,F,08-03-2023
B-25847,643,225,2,Electronics,Printers,COD,Rajasthan,Udaipur,F,08-03-2023
B-25796,632,-316,6,Clothing,Saree,COD,Goa,Goa,F,08-03-2023
B-25693,632,316,6,Clothing,Saree,COD,Himachal Pradesh,Simla,F,08-03-2023
B-25993,610,208,3,Electronics,Printers,COD,Punjab,Amritsar,F,09-03-2023
B-26052,78,-28,6,Clothing,Kurti,UPI,Andhra Pradesh,Hyderabad,M,09-03-2023
B-25930,595,119,4,Furniture,Bookcases,COD,Haryana,Chandigarh,M,09-03-2023
B-25785,595,292,3,Clothing,Saree,COD,Maharashtra,Mumbai,M,09-03-2023
B-26093,852,51,5,Furniture,Bookcases,Credit Card,Maharashtra,Mumbai,M,09-03-2023
B-26053,594,89,3,Furniture,Bookcases,COD,Tamil Nadu,Chennai,M,10-03-2023
B-26019,585,175,13,Clothing,T-shirt,COD,Jammu and Kashmir,Kashmir,M,11-03-2023
B-26070,582,262,5,Furniture,Furnishings,COD,Maharashtra,Mumbai,M,11-03-2023
B-25870,845,84,7,Clothing,Saree,Credit Card,Madhya Pradesh,Bhopal,M,12-03-2023
B-25855,829,19,4,Electronics,Printers,Credit Card,Maharashtra,Mumbai,F,12-03-2023
B-25602,561,212,3,Clothing,Saree,COD,Madhya Pradesh,Indore,F,12-03-2023
B-25728,771,-424,2,Electronics,Phones,Credit Card,Maharashtra,Pune,M,12-03-2023
B-25803,765,8,6,Clothing,Saree,EMI,Sikkim,Gangtok,F,13-03-2023
B-25996,31,2,2,Clothing,Hankerchief,COD,Madhya Pradesh,Indore,M,13-03-2023
B-26078,557,-111,2,Electronics,Electronic Games,COD,West Bengal,Kolkata,M,13-03-2023
B-25803,757,371,2,Electronics,Printers,Credit Card,Punjab,Chandigarh,F,14-03-2023
B-25682,545,-73,11,Electronics,Phones,COD,Jammu and Kashmir,Kashmir,F,14-03-2023
B-25749,1052,-82,3,Furniture,Bookcases,UPI,Karnataka,Bangalore,M,15-03-2023
B-25962,544,-152,3,Furniture,Bookcases,COD,Kerala ,Thiruvananthapuram,F,15-03-2023
B-25899,22,9,2,Clothing,Leggings,Debit Card,Delhi,Delhi,F,17-03-2023
B-25845,757,371,2,Electronics,Printers,Credit Card,Madhya Pradesh,Indore,F,18-03-2023
B-25951,742,198,2,Furniture,Bookcases,Credit Card,Maharashtra,Mumbai,M,18-03-2023
B-25828,537,107,3,Clothing,Saree,COD,West Bengal,Kolkata,F,18-03-2023
B-25803,536,91,1,Clothing,Trousers,COD,Jammu and Kashmir,Kashmir,M,19-03-2023
B-25656,6,3,1,Clothing,Hankerchief,COD,Bihar,Patna,F,19-03-2023
B-25681,523,204,7,Clothing,Trousers,COD,Maharashtra,Pune,M,19-03-2023
B-25658,27,9,2,Clothing,T-shirt,UPI,Madhya Pradesh,Indore,M,19-03-2023
B-25698,516,392,8,Furniture,Chairs,COD,Punjab,Chandigarh,M,19-03-2023
B-25832,504,116,3,Furniture,Bookcases,COD,Rajasthan,Jaipur,F,19-03-2023
B-25886,502,84,4,Electronics,Phones,COD,Maharashtra,Mumbai,M,20-03-2023
B-25897,734,213,6,Electronics,Electronic Games,Credit Card,Madhya Pradesh,Indore,F,20-03-2023
B-25873,42,12,2,Clothing,Kurti,COD,Bihar,Patna,M,21-03-2023
B-25858,29,11,4,Clothing,Skirt,COD,Jammu and Kashmir,Kashmir,M,22-03-2023
B-25867,240,12,6,Clothing,Kurti,UPI,Tamil Nadu,Chennai,M,23-03-2023
B-25633,496,-79,2,Clothing,Trousers,COD,Rajasthan,Udaipur,F,23-03-2023
B-25609,485,29,4,Electronics,Electronic Games,COD,Maharashtra,Mumbai,M,24-03-2023
B-25896,31,-11,3,Clothing,Skirt,UPI,Nagaland,Kohima,M,24-03-2023
B-26000,676,151,3,Electronics,Printers,Credit Card,Rajasthan,Udaipur,F,24-03-2023
B-25959,23,8,2,Clothing,Hankerchief,Debit Card,Uttar Pradesh,Prayagraj,M,24-03-2023
B-25940,13,3,2,Clothing,Hankerchief,COD,Jammu and Kashmir,Kashmir,F,24-03-2023
B-26087,180,0,8,Clothing,Stole,COD,Himachal Pradesh,Simla,F,25-03-2023
B-26055,671,114,9,Electronics,Phones,Credit Card,Maharashtra,Mumbai,M,25-03-2023
B-25980,22,11,3,Clothing,Kurti,COD,Rajasthan,Jaipur,M,25-03-2023
B-25653,668,-31,3,Electronics,Printers,Credit Card,Uttar Pradesh,Lucknow,M,25-03-2023
B-26052,145,0,3,Clothing,Saree,UPI,Madhya Pradesh,Indore,F,26-03-2023
B-25877,24,8,2,Clothing,Skirt,Debit Card,Maharashtra,Mumbai,F,26-03-2023
B-25608,476,0,3,Furniture,Chairs,COD,Maharashtra,Mumbai,F,26-03-2023
B-25897,24,11,5,Clothing,Hankerchief,Debit Card,Sikkim,Gangtok,M,26-03-2023
B-25881,37,3,3,Clothing,Hankerchief,COD,Maharashtra,Mumbai,M,26-03-2023
B-25905,152,50,6,Clothing,Stole,UPI,Madhya Pradesh,Indore,F,01-04-2023
B-25818,32,11,2,Clothing,Leggings,UPI,Maharashtra,Mumbai,F,01-04-2023
B-25835,52,11,5,Clothing,Leggings,COD,Delhi,Delhi,F,01-04-2023
B-26081,24,11,3,Clothing,Hankerchief,Debit Card,Madhya Pradesh,Indore,F,02-04-2023
B-25730,473,42,4,Furniture,Chairs,COD,West Bengal,Kolkata,F,02-04-2023
B-25837,263,50,5,Clothing,Stole,COD,Maharashtra,Mumbai,M,02-04-2023
B-25893,61,11,3,Clothing,Kurti,COD,Madhya Pradesh,Bhopal,M,03-04-2023
B-25689,469,-459,3,Electronics,Electronic Games,COD,Gujarat,Ahmedabad,M,03-04-2023
B-26028,1272,547,2,Electronics,Phones,COD,Maharashtra,Pune,F,03-04-2023
B-26081,169,0,3,Electronics,Accessories,COD,Karnataka,Bangalore,M,03-04-2023
B-25903,25,11,3,Clothing,Leggings,Debit Card,Kerala ,Thiruvananthapuram,F,03-04-2023
B-25651,457,-41,4,Clothing,Saree,COD,Karnataka,Bangalore,M,04-04-2023
B-25903,455,77,8,Electronics,Accessories,COD,Karnataka,Bangalore,M,04-04-2023
B-26086,25,2,2,Clothing,Hankerchief,Debit Card,Bihar,Patna,F,06-04-2023
B-25654,450,-90,3,Electronics,Printers,COD,Madhya Pradesh,Bhopal,F,06-04-2023
B-25720,30,-35,1,Furniture,Chairs,COD,Jammu and Kashmir,Kashmir,M,06-04-2023
B-26057,659,-37,2,Furniture,Bookcases,Credit Card,Maharashtra,Mumbai,M,07-04-2023
B-25798,448,148,2,Electronics,Printers,COD,Rajasthan,Jaipur,F,07-04-2023
B-25961,446,53,3,Electronics,Printers,COD,Madhya Pradesh,Indore,M,08-04-2023
B-25701,98,-45,2,Furniture,Chairs,UPI,Andhra Pradesh,Hyderabad,M,08-04-2023
B-26055,443,11,1,Clothing,Saree,COD,Goa,Goa,F,08-04-2023
B-25653,427,-50,7,Electronics,Phones,COD,Gujarat,Surat,F,09-04-2023
B-25670,656,-36,2,Furniture,Bookcases,Credit Card,Maharashtra,Mumbai,F,10-04-2023
B-26056,424,161,2,Clothing,Saree,COD,Maharashtra,Mumbai,F,10-04-2023
B-26061,27,8,2,Clothing,T-shirt,Debit Card,Nagaland,Kohima,M,11-04-2023
B-25602,424,-272,5,Electronics,Phones,COD,Maharashtra,Mumbai,F,11-04-2023
B-26016,202,4,4,Clothing,Hankerchief,COD,Nagaland,Kohima,F,12-04-2023
B-25873,1275,357,2,Electronics,Phones,UPI,Madhya Pradesh,Indore,F,12-04-2023
B-25761,418,70,7,Electronics,Phones,COD,Andhra Pradesh,Hyderabad,M,12-04-2023
B-25819,417,49,3,Electronics,Electronic Games,COD,Andhra Pradesh,Hyderabad,F,12-04-2023
B-25853,199,48,4,Clothing,Stole,UPI,West Bengal,Kolkata,F,13-04-2023
B-25662,385,-77,11,Furniture,Furnishings,UPI,Maharashtra,Mumbai,F,13-04-2023
B-25993,414,199,3,Electronics,Phones,COD,Gujarat,Ahmedabad,M,13-04-2023
B-25703,97,-45,4,Clothing,Saree,COD,Madhya Pradesh,Indore,F,14-04-2023
B-25848,648,50,6,Electronics,Electronic Games,Credit Card,Haryana,Chandigarh,F,15-04-2023
B-25678,27,-25,2,Clothing,Shirt,Debit Card,Maharashtra,Mumbai,F,15-04-2023
B-25925,27,12,1,Clothing,Stole,Debit Card,Karnataka,Bangalore,F,15-04-2023
B-25977,27,1,1,Clothing,Stole,UPI,Delhi,Delhi,F,15-04-2023
B-25797,413,-314,9,Furniture,Chairs,COD,Sikkim,Gangtok,F,15-04-2023
B-26067,53,2,4,Clothing,Hankerchief,COD,Nagaland,Kohima,F,16-04-2023
B-25810,29,8,5,Clothing,Hankerchief,UPI,Maharashtra,Mumbai,F,17-04-2023
B-25648,30,13,1,Clothing,T-shirt,UPI,Madhya Pradesh,Bhopal,F,17-04-2023
B-25933,412,412,6,Clothing,Saree,COD,Delhi,Delhi,F,17-04-2023
B-25942,646,-23,2,Electronics,Printers,Credit Card,Karnataka,Bangalore,M,17-04-2023
B-25656,30,-5,5,Clothing,Stole,UPI,Madhya Pradesh,Indore,F,18-04-2023
B-26067,618,27,4,Furniture,Bookcases,Credit Card,Tamil Nadu,Chennai,M,18-04-2023
B-25673,143,-124,5,Clothing,Saree,UPI,Goa,Goa,M,18-04-2023
B-25797,31,1,2,Clothing,Hankerchief,UPI,Karnataka,Bangalore,M,18-04-2023
B-26098,409,86,3,Clothing,Saree,COD,Bihar,Patna,M,18-04-2023
B-25656,406,126,2,Clothing,Saree,COD,Bihar,Patna,M,19-04-2023
B-25791,565,66,7,Clothing,Saree,Credit Card,Rajasthan,Jaipur,M,19-04-2023
B-26053,85,2,6,Clothing,Stole,COD,Uttar Pradesh,Lucknow,M,20-04-2023
B-25983,561,118,5,Furniture,Bookcases,Credit Card,Maharashtra,Mumbai,M,20-04-2023
B-25743,503,-56,2,Clothing,Trousers,COD,Jammu and Kashmir,Kashmir,F,21-04-2023
B-25867,31,14,3,Clothing,Stole,UPI,Himachal Pradesh,Simla,F,21-04-2023
B-25973,398,111,8,Clothing,Hankerchief,COD,Nagaland,Kohima,F,22-04-2023
B-25895,388,93,2,Furniture,Bookcases,COD,Delhi,Delhi,M,22-04-2023
B-26003,498,-116,4,Clothing,Saree,UPI,West Bengal,Kolkata,M,23-04-2023
B-25717,561,212,3,Clothing,Saree,Credit Card,Delhi,Delhi,M,23-04-2023
B-26064,61,3,4,Clothing,Hankerchief,COD,Karnataka,Bangalore,M,24-04-2023
B-25630,34,-22,4,Clothing,T-shirt,COD,Madhya Pradesh,Indore,M,24-04-2023
B-26050,32,6,3,Clothing,Shirt,UPI,Maharashtra,Pune,F,25-04-2023
B-25786,623,-192,3,Furniture,Tables,UPI,Gujarat,Ahmedabad,M,25-04-2023
B-26035,520,151,3,Electronics,Phones,Credit Card,Maharashtra,Mumbai,F,26-04-2023
B-25693,32,-16,6,Clothing,Saree,UPI,Uttar Pradesh,Lucknow,M,26-04-2023
B-25703,32,-5,5,Clothing,Hankerchief,UPI,Punjab,Amritsar,F,26-04-2023
B-25966,510,234,6,Electronics,Electronic Games,EMI,Punjab,Amritsar,F,26-04-2023
B-26060,382,68,3,Clothing,Saree,COD,Sikkim,Gangtok,F,27-04-2023
B-25898,33,13,3,Clothing,Leggings,UPI,Delhi,Delhi,M,27-04-2023
B-25686,381,-13,2,Clothing,Saree,COD,Madhya Pradesh,Indore,M,27-04-2023
B-26051,490,88,2,Electronics,Accessories,EMI,Maharashtra,Mumbai,M,27-04-2023
B-25854,381,144,2,Clothing,Saree,COD,Punjab,Chandigarh,M,27-04-2023
B-26050,487,143,4,Electronics,Phones,EMI,Madhya Pradesh,Indore,F,27-04-2023
B-25961,366,84,3,Furniture,Bookcases,COD,Maharashtra,Mumbai,M,02-05-2023
B-25701,33,-29,3,Clothing,Shirt,UPI,Goa,Goa,F,02-05-2023
B-25970,365,107,3,Electronics,Phones,COD,Kerala ,Thiruvananthapuram,M,02-05-2023
B-25933,207,-100,2,Clothing,Saree,UPI,Uttar Pradesh,Prayagraj,F,03-05-2023
B-26081,359,-338,5,Furniture,Bookcases,COD,Karnataka,Bangalore,M,05-05-2023
B-25650,351,-47,8,Electronics,Phones,COD,Madhya Pradesh,Indore,F,05-05-2023
B-25850,485,199,4,Clothing,Saree,EMI,Madhya Pradesh,Indore,F,05-05-2023
B-25643,37,-23,4,Clothing,Shirt,UPI,Nagaland,Kohima,M,05-05-2023
B-26100,34,10,2,Clothing,T-shirt,Debit Card,Sikkim,Gangtok,F,06-05-2023
B-25964,346,108,3,Furniture,Chairs,COD,Madhya Pradesh,Indore,M,06-05-2023
B-25676,342,-103,4,Electronics,Electronic Games,COD,Jammu and Kashmir,Kashmir,F,06-05-2023
B-25628,35,-8,2,Furniture,Furnishings,Debit Card,Rajasthan,Jaipur,F,07-05-2023
B-25891,121,41,4,Clothing,Stole,UPI,Rajasthan,Jaipur,F,07-05-2023
B-25903,336,57,2,Electronics,Phones,COD,Uttar Pradesh,Lucknow,M,07-05-2023
B-25851,336,71,3,Furniture,Bookcases,COD,Punjab,Chandigarh,M,08-05-2023
B-26089,27,4,1,Clothing,Hankerchief,COD,Bihar,Patna,M,08-05-2023
B-25996,333,50,2,Electronics,Phones,COD,Punjab,Amritsar,F,08-05-2023
B-25881,36,7,3,Clothing,Leggings,Debit Card,Kerala ,Thiruvananthapuram,M,09-05-2023
B-25621,333,-15,3,Electronics,Phones,COD,Goa,Goa,M,10-05-2023
B-25727,327,114,4,Clothing,Trousers,COD,Tamil Nadu,Chennai,M,10-05-2023
B-25843,18,6,3,Clothing,Hankerchief,UPI,Gujarat,Ahmedabad,M,10-05-2023
B-26050,325,32,7,Clothing,T-shirt,COD,Uttar Pradesh,Lucknow,F,11-05-2023
B-25741,482,-6,7,Electronics,Electronic Games,EMI,Madhya Pradesh,Indore,F,11-05-2023
B-25756,465,-33,4,Electronics,Phones,EMI,Delhi,Delhi,M,11-05-2023
B-25787,40,-12,3,Clothing,Shirt,COD,Maharashtra,Pune,F,12-05-2023
B-25603,107,36,6,Clothing,Stole,COD,Rajasthan,Jaipur,F,12-05-2023
B-25655,312,-312,7,Furniture,Chairs,COD,Punjab,Amritsar,F,12-05-2023
B-26096,451,25,3,Electronics,Phones,EMI,Rajasthan,Jaipur,M,12-05-2023
B-25962,312,62,1,Electronics,Electronic Games,COD,Haryana,Chandigarh,F,15-05-2023
B-26007,311,72,2,Furniture,Bookcases,COD,Kerala ,Thiruvananthapuram,F,16-05-2023
B-26088,11,5,2,Clothing,Hankerchief,UPI,Madhya Pradesh,Indore,F,16-05-2023
B-25673,37,-5,3,Clothing,T-shirt,Debit Card,Madhya Pradesh,Indore,F,16-05-2023
B-25664,444,-200,4,Electronics,Phones,EMI,Sikkim,Gangtok,F,16-05-2023
B-25642,434,26,11,Clothing,Shirt,Credit Card,Gujarat,Surat,F,16-05-2023
B-25987,299,0,6,Clothing,Stole,COD,Delhi,Delhi,M,17-05-2023
B-25903,37,17,3,Clothing,Hankerchief,Debit Card,Nagaland,Kohima,F,17-05-2023
B-25770,299,113,2,Furniture,Bookcases,COD,Himachal Pradesh,Simla,F,17-05-2023
B-25840,298,74,2,Furniture,Bookcases,COD,Haryana,Chandigarh,F,17-05-2023
B-25846,94,7,7,Clothing,Leggings,UPI,West Bengal,Kolkata,M,18-05-2023
B-25745,296,225,11,Clothing,Saree,COD,Andhra Pradesh,Hyderabad,M,18-05-2023
B-26073,37,17,3,Clothing,Hankerchief,Debit Card,Madhya Pradesh,Indore,F,19-05-2023
B-26030,291,93,2,Electronics,Printers,COD,Punjab,Amritsar,M,19-05-2023
B-25678,327,-39,1,Electronics,Phones,COD,Maharashtra,Pune,M,19-05-2023
B-26035,291,119,11,Clothing,Saree,COD,Madhya Pradesh,Indore,M,19-05-2023
B-25896,287,-66,6,Clothing,Kurti,COD,Himachal Pradesh,Simla,F,20-05-2023
B-25989,42,15,1,Electronics,Accessories,UPI,Rajasthan,Jaipur,M,20-05-2023
B-26016,429,61,3,Electronics,Electronic Games,Credit Card,Kerala ,Thiruvananthapuram,F,21-05-2023
B-26009,285,128,2,Electronics,Printers,COD,Rajasthan,Jaipur,F,21-05-2023
B-25915,277,3,1,Electronics,Electronic Games,COD,Kerala ,Thiruvananthapuram,F,21-05-2023
B-25845,274,-7,4,Electronics,Phones,COD,Gujarat,Surat,F,21-05-2023
B-25645,273,-87,4,Electronics,Phones,COD,West Bengal,Kolkata,M,21-05-2023
B-25803,269,91,1,Electronics,Electronic Games,COD,West Bengal,Kolkata,M,22-05-2023
B-26030,11,5,1,Clothing,Skirt,COD,Andhra Pradesh,Hyderabad,F,22-05-2023
B-25955,39,2,2,Clothing,Saree,Debit Card,Rajasthan,Jaipur,M,22-05-2023
B-26096,264,-26,3,Clothing,Trousers,COD,Madhya Pradesh,Indore,M,23-05-2023
B-25635,40,16,3,Clothing,Hankerchief,Debit Card,Gujarat,Ahmedabad,F,23-05-2023
B-26038,41,19,2,Clothing,T-shirt,Debit Card,Sikkim,Gangtok,M,23-05-2023
B-25791,253,-63,2,Clothing,Saree,UPI,Kerala ,Thiruvananthapuram,M,23-05-2023
B-26014,406,97,7,Furniture,Chairs,Credit Card,Delhi,Delhi,F,23-05-2023
B-25751,32,7,3,Clothing,Hankerchief,COD,Maharashtra,Pune,M,23-05-2023
B-25962,260,68,2,Electronics,Printers,COD,Madhya Pradesh,Bhopal,M,24-05-2023
B-26025,41,19,5,Clothing,Hankerchief,Debit Card,Maharashtra,Mumbai,F,25-05-2023
B-26048,401,13,6,Furniture,Chairs,Credit Card,Delhi,Delhi,F,25-05-2023
B-25635,382,30,3,Clothing,Saree,Credit Card,Uttar Pradesh,Lucknow,M,26-05-2023
B-25981,867,251,5,Electronics,Phones,COD,West Bengal,Kolkata,F,26-05-2023
B-25610,43,0,3,Clothing,Saree,Debit Card,Karnataka,Bangalore,M,26-05-2023
B-25733,43,-43,7,Clothing,Stole,Debit Card,Gujarat,Surat,F,27-05-2023
B-25977,74,29,3,Clothing,Stole,COD,Andhra Pradesh,Hyderabad,F,27-05-2023
B-25655,44,-26,3,Clothing,Hankerchief,Debit Card,Madhya Pradesh,Indore,M,27-05-2023
B-25612,259,-55,2,Furniture,Chairs,COD,Bihar,Patna,F,27-05-2023
B-25608,257,23,5,Clothing,Hankerchief,COD,Nagaland,Kohima,F,28-05-2023
B-25752,76,27,5,Clothing,Stole,COD,Punjab,Chandigarh,F,28-05-2023
B-25700,44,-32,3,Clothing,Stole,Debit Card,Gujarat,Ahmedabad,M,01-06-2023
B-25856,257,3,2,Clothing,Saree,COD,Madhya Pradesh,Indore,M,01-06-2023
B-26026,255,76,9,Clothing,Hankerchief,COD,Rajasthan,Udaipur,F,02-06-2023
B-25861,44,14,3,Clothing,Hankerchief,Debit Card,Madhya Pradesh,Bhopal,M,02-06-2023
B-25673,45,-2,4,Clothing,Shirt,COD,Rajasthan,Udaipur,F,02-06-2023
B-25681,44,-3,1,Clothing,Saree,Debit Card,Goa,Goa,F,02-06-2023
B-26051,382,119,2,Clothing,Saree,Credit Card,Andhra Pradesh,Hyderabad,F,03-06-2023
B-25951,250,100,3,Clothing,Trousers,COD,Maharashtra,Mumbai,M,03-06-2023
B-25799,45,-15,2,Furniture,Chairs,COD,Haryana,Chandigarh,M,03-06-2023
B-26053,246,61,2,Furniture,Bookcases,COD,West Bengal,Kolkata,F,03-06-2023
B-26030,50,25,5,Clothing,Stole,COD,Punjab,Chandigarh,F,04-06-2023
B-26054,246,98,5,Clothing,Hankerchief,COD,Bihar,Patna,F,04-06-2023
B-25696,44,99,3,Clothing,Kurti,Debit Card,Maharashtra,Mumbai,F,05-06-2023
B-25660,245,-78,3,Clothing,Saree,COD,West Bengal,Kolkata,M,05-06-2023
B-25858,245,30,2,Clothing,Saree,COD,Maharashtra,Mumbai,F,07-06-2023
B-26045,376,0,7,Clothing,Stole,Credit Card,Maharashtra,Mumbai,F,07-06-2023
B-25850,45,1,3,Clothing,T-shirt,Debit Card,West Bengal,Kolkata,F,08-06-2023
B-25781,45,-28,2,Clothing,Stole,Debit Card,Rajasthan,Udaipur,M,08-06-2023
B-25918,244,-122,5,Furniture,Furnishings,COD,Himachal Pradesh,Simla,F,08-06-2023
B-25971,244,83,2,Furniture,Bookcases,COD,Maharashtra,Pune,F,08-06-2023
B-25870,10,4,1,Clothing,Kurti,UPI,Bihar,Patna,M,09-06-2023
B-25770,375,180,3,Furniture,Bookcases,Credit Card,Kerala ,Thiruvananthapuram,F,10-06-2023
B-25757,46,14,5,Clothing,Skirt,Debit Card,Maharashtra,Mumbai,M,11-06-2023
B-25699,49,-31,2,Clothing,Stole,UPI,Punjab,Amritsar,F,11-06-2023
B-25776,47,-20,2,Clothing,Kurti,Debit Card,Madhya Pradesh,Indore,F,11-06-2023
B-25893,355,-114,7,Clothing,Stole,Credit Card,Rajasthan,Jaipur,M,11-06-2023
B-25985,32,8,5,Clothing,Hankerchief,UPI,Gujarat,Surat,F,13-06-2023
B-25681,243,-14,2,Furniture,Chairs,COD,Gujarat,Surat,M,13-06-2023
B-26063,241,-77,4,Electronics,Electronic Games,COD,Madhya Pradesh,Indore,M,13-06-2023
B-26032,47,15,5,Clothing,Saree,Debit Card,Goa,Goa,M,14-06-2023
B-26001,50,-10,6,Clothing,Skirt,Debit Card,Rajasthan,Udaipur,F,14-06-2023
B-26056,15,6,2,Clothing,Hankerchief,COD,Maharashtra,Mumbai,F,15-06-2023
B-25850,148,24,3,Clothing,Stole,COD,Tamil Nadu,Chennai,M,16-06-2023
B-25767,299,-28,3,Electronics,Electronic Games,UPI,Jammu and Kashmir,Kashmir,F,16-06-2023
B-25693,68,-30,1,Electronics,Phones,UPI,Uttar Pradesh,Lucknow,M,17-06-2023
B-25850,52,18,5,Clothing,Leggings,Debit Card,Madhya Pradesh,Indore,M,17-06-2023
B-25796,239,-162,5,Furniture,Chairs,COD,Rajasthan,Udaipur,M,17-06-2023
B-26053,27,6,3,Clothing,Skirt,COD,Madhya Pradesh,Indore,M,17-06-2023
B-25650,238,20,2,Clothing,Saree,COD,Delhi,Delhi,M,18-06-2023
B-25961,48,16,3,Clothing,Shirt,COD,Delhi,Delhi,M,19-06-2023
B-26023,66,22,3,Clothing,Stole,UPI,Madhya Pradesh,Indore,M,19-06-2023
B-25809,53,24,1,Clothing,Hankerchief,Debit Card,Madhya Pradesh,Bhopal,M,20-06-2023
B-25621,233,-10,5,Electronics,Electronic Games,COD,Maharashtra,Mumbai,F,20-06-2023
B-25854,53,-2,3,Clothing,Saree,Debit Card,Maharashtra,Mumbai,F,20-06-2023
B-26057,54,8,4,Clothing,T-shirt,Debit Card,Madhya Pradesh,Bhopal,F,21-06-2023
B-25688,352,-345,5,Clothing,Saree,Credit Card,Uttar Pradesh,Prayagraj,F,21-06-2023
B-25885,349,0,7,Clothing,Stole,Credit Card,Uttar Pradesh,Lucknow,F,21-06-2023
B-25753,341,-85,6,Clothing,Trousers,Credit Card,Uttar Pradesh,Lucknow,F,22-06-2023
B-25981,54,12,3,Clothing,Saree,Debit Card,Madhya Pradesh,Indore,M,22-06-2023
B-26055,57,7,2,Clothing,Shirt,UPI,Gujarat,Ahmedabad,F,22-06-2023
B-25714,340,20,7,Clothing,Shirt,Credit Card,Uttar Pradesh,Lucknow,M,22-06-2023
B-26055,227,48,5,Clothing,Stole,COD,Madhya Pradesh,Indore,M,22-06-2023
B-25989,330,81,1,Furniture,Bookcases,Credit Card,Punjab,Chandigarh,F,23-06-2023
B-25710,216,-38,6,Furniture,Furnishings,UPI,Gujarat,Ahmedabad,F,24-06-2023
B-25773,224,-143,3,Furniture,Chairs,COD,Haryana,Chandigarh,F,24-06-2023
B-25661,55,-33,2,Furniture,Chairs,Debit Card,Karnataka,Bangalore,M,25-06-2023
B-26021,49,21,1,Clothing,Stole,UPI,Maharashtra,Pune,M,26-06-2023
B-26057,224,87,3,Clothing,Trousers,COD,West Bengal,Kolkata,F,27-06-2023
B-25858,223,27,2,Furniture,Bookcases,COD,Madhya Pradesh,Indore,M,27-06-2023
B-25857,324,39,8,Electronics,Accessories,Credit Card,Nagaland,Kohima,F,28-06-2023
B-25656,56,18,2,Clothing,Hankerchief,Debit Card,Maharashtra,Pune,M,02-07-2023
B-25999,223,62,7,Clothing,Shirt,COD,Madhya Pradesh,Indore,F,03-07-2023
B-25856,10,2,2,Clothing,Skirt,COD,Kerala ,Thiruvananthapuram,F,04-07-2023
B-25926,57,6,5,Clothing,Leggings,Debit Card,Gujarat,Surat,M,04-07-2023
B-25728,322,-113,4,Clothing,Saree,Credit Card,Nagaland,Kohima,F,04-07-2023
B-26076,219,4,2,Clothing,Saree,COD,Delhi,Delhi,M,04-07-2023
B-25913,103,21,7,Clothing,Stole,UPI,Delhi,Delhi,M,04-07-2023
B-25703,47,-27,4,Clothing,Saree,COD,Jammu and Kashmir,Kashmir,F,05-07-2023
B-25858,219,0,1,Clothing,Saree,COD,Maharashtra,Mumbai,M,05-07-2023
B-25727,57,-48,6,Clothing,Leggings,Debit Card,Maharashtra,Mumbai,M,05-07-2023
B-26020,319,102,6,Electronics,Accessories,Credit Card,Maharashtra,Mumbai,F,07-07-2023
B-26003,315,-8,3,Furniture,Chairs,Credit Card,West Bengal,Kolkata,F,07-07-2023
B-25925,314,-41,3,Electronics,Electronic Games,Credit Card,Maharashtra,Mumbai,M,07-07-2023
B-26087,311,40,1,Electronics,Electronic Games,EMI,Madhya Pradesh,Indore,M,08-07-2023
B-25810,307,74,3,Electronics,Accessories,EMI,Maharashtra,Mumbai,F,10-07-2023
B-25858,294,109,7,Electronics,Accessories,EMI,Madhya Pradesh,Indore,F,10-07-2023
B-25861,216,-83,3,Electronics,Electronic Games,COD,Delhi,Delhi,M,10-07-2023
B-25661,58,-42,2,Furniture,Chairs,Debit Card,Sikkim,Gangtok,F,10-07-2023
B-25943,48,20,4,Clothing,Stole,UPI,Madhya Pradesh,Bhopal,F,11-07-2023
B-25955,54,14,3,Clothing,T-shirt,UPI,Madhya Pradesh,Bhopal,M,11-07-2023
B-26051,216,50,4,Clothing,Stole,COD,Madhya Pradesh,Indore,M,11-07-2023
B-25999,215,-30,2,Clothing,Saree,COD,Rajasthan,Jaipur,M,11-07-2023
B-26083,43,8,3,Clothing,Leggings,COD,Punjab,Chandigarh,M,12-07-2023
B-25950,136,-33,5,Clothing,Saree,COD,Himachal Pradesh,Simla,F,13-07-2023
B-25625,59,-30,3,Clothing,Leggings,Debit Card,Tamil Nadu,Chennai,M,13-07-2023
B-26055,213,4,14,Clothing,Shirt,COD,Maharashtra,Mumbai,F,14-07-2023
B-26023,59,21,2,Clothing,Stole,Debit Card,Gujarat,Ahmedabad,F,15-07-2023
B-26010,55,3,3,Clothing,T-shirt,COD,Maharashtra,Mumbai,F,15-07-2023
B-25955,294,62,9,Clothing,T-shirt,EMI,Madhya Pradesh,Indore,F,15-07-2023
B-25900,210,62,2,Electronics,Phones,COD,Madhya Pradesh,Indore,F,15-07-2023
B-26089,59,24,6,Clothing,Kurti,Debit Card,Gujarat,Ahmedabad,M,17-07-2023
B-25655,396,-31,9,Clothing,Saree,COD,Madhya Pradesh,Indore,M,17-07-2023
B-25979,284,45,2,Furniture,Bookcases,EMI,Goa,Goa,M,18-07-2023
B-26002,276,52,5,Clothing,Saree,EMI,Madhya Pradesh,Indore,F,18-07-2023
B-25635,23,2,2,Clothing,Skirt,UPI,West Bengal,Kolkata,M,19-07-2023
B-26084,209,-63,4,Electronics,Electronic Games,COD,Nagaland,Kohima,F,19-07-2023
B-25998,50,-28,5,Furniture,Furnishings,COD,Maharashtra,Mumbai,F,20-07-2023
B-25872,57,27,2,Clothing,Shirt,COD,Gujarat,Surat,F,20-07-2023
B-25795,276,-21,2,Electronics,Phones,EMI,Himachal Pradesh,Simla,F,21-07-2023
B-25902,268,6,2,Furniture,Bookcases,UPI,Jammu and Kashmir,Kashmir,F,21-07-2023
B-25650,269,111,3,Clothing,Trousers,EMI,Haryana,Chandigarh,F,21-07-2023
B-25957,209,2,1,Clothing,Saree,COD,Rajasthan,Udaipur,F,21-07-2023
B-25793,60,-12,4,Clothing,Hankerchief,Debit Card,Goa,Goa,F,21-07-2023
B-25654,269,-86,2,Electronics,Electronic Games,EMI,Himachal Pradesh,Simla,F,21-07-2023
B-25750,208,-25,2,Clothing,Saree,COD,Maharashtra,Mumbai,M,23-07-2023
B-25835,27,2,2,Clothing,Leggings,UPI,Rajasthan,Jaipur,F,24-07-2023
B-25652,206,-206,3,Clothing,Saree,COD,Madhya Pradesh,Indore,F,25-07-2023
B-26018,61,8,4,Clothing,Hankerchief,Debit Card,Bihar,Patna,F,25-07-2023
B-25750,212,-24,2,Furniture,Chairs,COD,Maharashtra,Mumbai,F,25-07-2023
B-25840,262,64,6,Clothing,Saree,EMI,Kerala ,Thiruvananthapuram,M,26-07-2023
B-25756,204,276,3,Furniture,Bookcases,COD,Bihar,Patna,F,26-07-2023
B-25777,59,-46,7,Clothing,T-shirt,UPI,Madhya Pradesh,Indore,F,26-07-2023
B-25750,199,-18,2,Clothing,Saree,COD,Madhya Pradesh,Bhopal,M,27-07-2023
B-25823,59,6,1,Electronics,Accessories,UPI,Punjab,Chandigarh,F,27-07-2023
B-26096,45,9,3,Clothing,Leggings,UPI,Himachal Pradesh,Simla,M,28-07-2023
B-25757,211,19,8,Clothing,Stole,COD,Nagaland,Kohima,F,28-07-2023
B-25698,65,-16,2,Electronics,Phones,Debit Card,Karnataka,Bangalore,F,01-08-2023
B-25710,25,0,4,Clothing,Skirt,UPI,Maharashtra,Pune,M,01-08-2023
B-25994,196,-7,5,Electronics,Phones,COD,Madhya Pradesh,Indore,F,02-08-2023
B-25950,261,13,6,Clothing,Shirt,Credit Card,Maharashtra,Mumbai,F,04-08-2023
B-25653,195,-117,5,Electronics,Phones,COD,Madhya Pradesh,Indore,F,04-08-2023
B-25785,192,-146,3,Clothing,Saree,COD,Goa,Goa,M,04-08-2023
B-25863,189,87,7,Clothing,Stole,COD,Maharashtra,Mumbai,M,04-08-2023
B-25959,32,2,2,Clothing,Kurti,UPI,Punjab,Chandigarh,M,05-08-2023
B-25991,188,13,7,Clothing,Shirt,COD,Madhya Pradesh,Bhopal,M,06-08-2023
B-25680,73,-25,3,Clothing,Saree,COD,Madhya Pradesh,Indore,M,07-08-2023
B-25910,259,47,5,Clothing,Hankerchief,Credit Card,Madhya Pradesh,Bhopal,F,08-08-2023
B-25737,187,-15,3,Clothing,Trousers,COD,Goa,Goa,M,08-08-2023
B-25853,26,11,2,Clothing,Hankerchief,UPI,Haryana,Chandigarh,M,09-08-2023
B-26097,185,-26,6,Furniture,Chairs,COD,Rajasthan,Jaipur,F,09-08-2023
B-25875,248,8,2,Clothing,Saree,Credit Card,Andhra Pradesh,Hyderabad,F,09-08-2023
B-26031,67,9,4,Clothing,Leggings,Debit Card,Karnataka,Bangalore,F,10-08-2023
B-25773,248,-70,3,Furniture,Chairs,Credit Card,Maharashtra,Mumbai,M,11-08-2023
B-25840,246,61,2,Furniture,Bookcases,Credit Card,West Bengal,Kolkata,M,11-08-2023
B-25908,179,-25,5,Clothing,Kurti,COD,Maharashtra,Mumbai,F,11-08-2023
B-26041,176,-28,5,Furniture,Furnishings,COD,Rajasthan,Udaipur,M,12-08-2023
B-26010,176,-13,5,Furniture,Furnishings,COD,Maharashtra,Pune,F,12-08-2023
B-25640,68,-62,2,Clothing,Trousers,Debit Card,Gujarat,Ahmedabad,M,14-08-2023
B-25794,176,37,6,Electronics,Accessories,COD,Jammu and Kashmir,Kashmir,F,14-08-2023
B-25987,88,11,7,Clothing,Hankerchief,UPI,Bihar,Patna,M,14-08-2023
B-25615,68,20,5,Clothing,Hankerchief,Debit Card,West Bengal,Kolkata,M,14-08-2023
B-25997,231,99,2,Electronics,Electronic Games,Credit Card,Sikkim,Gangtok,M,16-08-2023
B-25981,62,8,2,Clothing,T-shirt,UPI,Haryana,Chandigarh,F,16-08-2023
B-25791,175,77,3,Clothing,Saree,COD,Himachal Pradesh,Simla,F,16-08-2023
B-25986,71,4,5,Clothing,Leggings,Debit Card,Karnataka,Bangalore,M,17-08-2023
B-25652,174,-70,3,Electronics,Accessories,COD,Maharashtra,Pune,F,18-08-2023
B-25952,173,69,3,Furniture,Chairs,COD,West Bengal,Kolkata,M,19-08-2023
B-25898,171,2,2,Electronics,Electronic Games,COD,Karnataka,Bangalore,F,19-08-2023
B-25785,268,-25,3,Clothing,Saree,COD,Andhra Pradesh,Hyderabad,F,19-08-2023
B-25990,71,32,3,Clothing,Saree,Debit Card,Rajasthan,Jaipur,M,20-08-2023
B-26091,29,10,4,Clothing,Hankerchief,UPI,Delhi,Delhi,M,20-08-2023
B-25604,65,17,2,Clothing,T-shirt,UPI,Tamil Nadu,Chennai,F,21-08-2023
B-25754,72,-46,7,Clothing,Kurti,Debit Card,Goa,Goa,M,21-08-2023
B-25724,168,-51,2,Furniture,Bookcases,COD,Sikkim,Gangtok,F,21-08-2023
B-25757,165,30,3,Clothing,Stole,COD,Maharashtra,Mumbai,F,23-08-2023
B-25767,74,-59,2,Electronics,Accessories,Debit Card,Himachal Pradesh,Simla,M,24-08-2023
B-25886,89,17,2,Clothing,Stole,UPI,Rajasthan,Jaipur,M,24-08-2023
